link_URL,Park_name
/wiki/Acadia_National_Park,Acadia National Park
/wiki/National_Park_of_American_Samoa,National Park of American Samoa
/wiki/Arches_National_Park,Arches National Park
/wiki/Badlands_National_Park,Badlands National Park
/wiki/Big_Bend_National_Park,Big Bend National Park
/wiki/Biscayne_National_Park,Biscayne National Park
/wiki/Black_Canyon_of_the_Gunnison_National_Park,Black Canyon of the Gunnison National Park
/wiki/Bryce_Canyon_National_Park,Bryce Canyon National Park
/wiki/Canyonlands_National_Park,Canyonlands National Park
/wiki/Capitol_Reef_National_Park,Capitol Reef National Park
/wiki/Carlsbad_Caverns_National_Park,Carlsbad Caverns National Park
/wiki/Channel_Islands_National_Park,Channel Islands National Park
/wiki/Congaree_National_Park,Congaree National Park
/wiki/Crater_Lake_National_Park,Crater Lake National Park
/wiki/Cuyahoga_Valley_National_Park,Cuyahoga Valley National Park
/wiki/Death_Valley_National_Park,Death Valley National Park
/wiki/Denali_National_Park_and_Preserve,Denali National Park and Preserve
/wiki/Dry_Tortugas_National_Park,Dry Tortugas National Park
/wiki/Everglades_National_Park,Everglades National Park
/wiki/Gates_of_the_Arctic_National_Park_and_Preserve,Gates of the Arctic National Park and Preserve
/wiki/Gateway_Arch_National_Park,Gateway Arch National Park
/wiki/Glacier_National_Park_(U.S.),Glacier National Park (U.S.)
/wiki/Glacier_Bay_National_Park_and_Preserve,Glacier Bay National Park and Preserve
/wiki/Grand_Canyon_National_Park,Grand Canyon National Park
/wiki/Grand_Teton_National_Park,Grand Teton National Park
/wiki/Great_Basin_National_Park,Great Basin National Park
/wiki/Great_Sand_Dunes_National_Park_and_Preserve,Great Sand Dunes National Park and Preserve
/wiki/Great_Smoky_Mountains_National_Park,Great Smoky Mountains National Park
/wiki/Guadalupe_Mountains_National_Park,Guadalupe Mountains National Park
/wiki/Haleakal%C4%81_National_Park,Haleakalā National Park
/wiki/Hawai%CA%BBi_Volcanoes_National_Park,Hawaiʻi Volcanoes National Park
/wiki/Hot_Springs_National_Park,Hot Springs National Park
/wiki/Indiana_Dunes_National_Park,Indiana Dunes National Park
/wiki/Isle_Royale_National_Park,Isle Royale National Park
/wiki/Joshua_Tree_National_Park,Joshua Tree National Park
/wiki/Katmai_National_Park_and_Preserve,Katmai National Park and Preserve
/wiki/Kenai_Fjords_National_Park,Kenai Fjords National Park
/wiki/Kings_Canyon_National_Park,Kings Canyon National Park
/wiki/Kobuk_Valley_National_Park,Kobuk Valley National Park
/wiki/Lake_Clark_National_Park_and_Preserve,Lake Clark National Park and Preserve
/wiki/Lassen_Volcanic_National_Park,Lassen Volcanic National Park
/wiki/Mammoth_Cave_National_Park,Mammoth Cave National Park
/wiki/Mesa_Verde_National_Park,Mesa Verde National Park
/wiki/Mount_Rainier_National_Park,Mount Rainier National Park
/wiki/New_River_Gorge_National_Park_and_Preserve,New River Gorge National Park and Preserve
/wiki/North_Cascades_National_Park,North Cascades National Park
/wiki/Olympic_National_Park,Olympic National Park
/wiki/Petrified_Forest_National_Park,Petrified Forest National Park
/wiki/Pinnacles_National_Park,Pinnacles National Park
/wiki/Redwood_National_and_State_Parks,Redwood National and State Parks
/wiki/Rocky_Mountain_National_Park,Rocky Mountain National Park
/wiki/Saguaro_National_Park,Saguaro National Park
/wiki/Sequoia_National_Park,Sequoia National Park
/wiki/Shenandoah_National_Park,Shenandoah National Park
/wiki/Theodore_Roosevelt_National_Park,Theodore Roosevelt National Park
/wiki/Virgin_Islands_National_Park,Virgin Islands National Park
/wiki/Voyageurs_National_Park,Voyageurs National Park
/wiki/White_Sands_National_Park,White Sands National Park
/wiki/Wind_Cave_National_Park,Wind Cave National Park
/wiki/Wrangell%E2%80%93St._Elias_National_Park_and_Preserve,Wrangell–St. Elias National Park and Preserve
/wiki/Yellowstone_National_Park,Yellowstone National Park
/wiki/Yosemite_National_Park,Yosemite National Park
/wiki/Zion_National_Park,Zion National Park
